1,PAQ25,25
2,PAQ50,50
3,PAQ25,25
4,PAQ10,10
5,PAQ20,20
6,CAJA48,48
7,PAQ25,25
8,CAJA100,100
9,CAJA12,12
10,PAQ20,20
11,CAJA48,48
12,CAJA24,24
13,CAJA12,12
14,PAQ25,25
15,PAQ50,50
16,CAJA12,12
17,CAJA100,100
18,PAQ50,50
19,CAJA100,100
20,CAJA24,24
21,CAJA12,12
22,PAQ20,20
23,CAJA48,48
24,CAJA48,48
25,PAQ20,20
26,PAQ20,20
27,CAJA12,12
28,PAQ50,50
29,CAJA24,24
30,PAQ25,25
31,CAJA100,100
32,CAJA48,48
33,PAQ10,10
34,PAQ50,50
35,PAQ25,25
36,PAQ50,50
37,PAQ20,20
38,PAQ20,20
39,PAQ20,20
40,PAQ50,50
41,CAJA100,100
42,PAQ50,50
43,PAQ20,20
44,PAQ10,10
45,PAQ50,50
46,PAQ20,20
47,CAJA48,48
48,PAQ25,25
49,PAQ20,20
50,PAQ10,10
51,CAJA24,24
52,PAQ20,20
53,CAJA12,12
54,PAQ50,50
55,PAQ25,25
56,PAQ25,25
57,PAQ50,50
58,CAJA100,100
59,CAJA100,100
60,PAQ50,50
61,PAQ50,50
62,PAQ20,20
63,PAQ20,20
64,CAJA12,12
65,CAJA12,12
66,CAJA48,48
67,CAJA100,100
68,PAQ20,20
69,CAJA24,24
70,CAJA48,48
71,CAJA12,12
72,PAQ50,50
73,PAQ25,25
74,CAJA48,48
75,CAJA100,100
76,CAJA100,100
77,CAJA100,100
78,PAQ20,20
79,CAJA24,24
80,PAQ50,50
81,CAJA100,100
82,PAQ25,25
83,CAJA48,48
84,PAQ50,50
85,PAQ20,20
86,PAQ25,25
87,CAJA100,100
88,PAQ50,50
89,CAJA24,24
90,CAJA100,100
91,CAJA24,24
92,CAJA24,24
93,PAQ20,20
94,PAQ50,50
95,CAJA12,12
96,PAQ25,25
97,PAQ25,25
98,PAQ20,20
99,PAQ50,50
100,CAJA24,24
101,PAQ50,50
102,PAQ20,20
103,CAJA100,100
104,CAJA24,24
105,CAJA100,100
106,CAJA48,48
107,CAJA24,24
108,PAQ20,20
109,PAQ10,10
110,CAJA24,24
111,PAQ50,50
112,PAQ10,10
113,CAJA24,24
114,CAJA12,12
115,CAJA24,24
116,PAQ50,50
117,CAJA12,12
118,PAQ25,25
119,PAQ20,20
120,PAQ20,20
121,PAQ10,10
122,CAJA24,24
123,CAJA100,100
124,PAQ25,25
125,CAJA100,100
126,CAJA12,12
127,PAQ10,10
128,CAJA24,24
129,CAJA100,100
130,CAJA48,48
131,CAJA12,12
132,PAQ50,50
133,CAJA24,24
134,CAJA24,24
135,CAJA48,48
136,CAJA24,24
137,PAQ20,20
138,CAJA12,12
139,CAJA100,100
140,PAQ50,50
141,PAQ50,50
142,PAQ50,50
143,CAJA12,12
144,PAQ50,50
145,PAQ10,10
146,CAJA12,12
147,CAJA12,12
148,CAJA12,12
149,PAQ20,20
150,CAJA12,12
151,CAJA24,24
152,PAQ20,20
153,PAQ10,10
154,CAJA48,48
155,CAJA48,48
156,CAJA48,48
157,CAJA24,24
158,PAQ20,20
159,PAQ20,20
160,CAJA24,24
161,CAJA100,100
162,PAQ50,50
163,PAQ50,50
164,PAQ50,50
165,PAQ25,25
166,CAJA12,12
167,PAQ50,50
168,PAQ20,20
169,PAQ50,50
170,CAJA48,48
171,PAQ10,10
172,CAJA100,100
173,PAQ25,25
174,CAJA100,100
175,PAQ10,10
176,PAQ50,50
177,CAJA48,48
178,PAQ50,50
179,PAQ20,20
180,PAQ20,20
181,PAQ10,10
182,CAJA24,24
183,PAQ50,50
184,CAJA100,100
185,CAJA12,12
186,CAJA12,12
187,CAJA100,100
188,CAJA24,24
189,CAJA48,48
190,CAJA12,12
191,PAQ10,10
192,PAQ25,25
193,CAJA24,24
194,PAQ50,50
195,CAJA24,24
196,PAQ25,25
197,CAJA100,100
198,CAJA100,100
199,PAQ50,50
200,CAJA100,100
201,CAJA100,100
202,PAQ20,20
203,CAJA100,100
204,CAJA12,12
205,PAQ50,50
206,CAJA100,100
207,CAJA100,100
208,CAJA100,100
209,CAJA24,24
210,PAQ25,25
211,PAQ10,10
212,CAJA24,24
213,PAQ20,20
214,CAJA48,48
215,PAQ20,20
216,PAQ25,25
217,PAQ50,50
218,CAJA100,100
219,CAJA12,12
220,PAQ25,25
221,PAQ25,25
222,PAQ10,10
223,CAJA24,24
224,CAJA24,24
225,PAQ25,25
226,CAJA12,12
227,CAJA48,48
228,PAQ50,50
229,PAQ25,25
230,PAQ50,50
231,PAQ50,50
232,CAJA24,24
233,PAQ10,10
234,PAQ50,50
235,PAQ10,10
236,CAJA100,100
237,PAQ25,25
238,CAJA24,24
239,PAQ20,20
240,PAQ50,50
241,PAQ10,10
242,CAJA24,24
243,CAJA100,100
244,PAQ50,50
245,CAJA24,24
246,PAQ25,25
247,CAJA48,48
248,CAJA24,24
249,PAQ50,50
250,PAQ10,10
251,PAQ20,20
252,CAJA48,48
253,CAJA48,48
254,CAJA48,48
255,CAJA24,24
256,CAJA100,100
257,CAJA12,12
258,CAJA12,12
259,PAQ20,20
260,CAJA12,12
261,CAJA100,100
262,CAJA12,12
263,CAJA24,24
264,PAQ25,25
265,PAQ25,25
266,CAJA24,24
267,CAJA24,24
268,PAQ50,50
269,PAQ20,20
270,CAJA48,48
271,CAJA24,24
272,PAQ25,25
273,PAQ20,20
274,PAQ10,10
275,PAQ20,20
276,CAJA100,100
277,PAQ50,50
278,CAJA24,24
279,CAJA24,24
280,CAJA24,24
281,CAJA12,12
282,PAQ10,10
283,CAJA24,24
284,CAJA12,12
285,CAJA48,48
286,CAJA100,100
287,PAQ50,50
288,PAQ50,50
289,CAJA24,24
290,PAQ25,25
291,PAQ50,50
292,CAJA48,48
293,CAJA48,48
294,CAJA24,24
295,PAQ25,25
296,CAJA48,48
297,PAQ25,25
298,PAQ20,20
299,CAJA24,24
300,CAJA24,24
301,CAJA12,12
302,PAQ20,20
303,CAJA24,24
304,CAJA24,24
305,CAJA24,24
306,CAJA100,100
307,PAQ25,25
308,CAJA48,48
309,PAQ10,10
310,CAJA100,100
311,CAJA12,12
312,CAJA100,100
313,CAJA12,12
314,PAQ25,25
315,PAQ25,25
316,PAQ50,50
317,PAQ20,20
318,CAJA100,100
319,CAJA100,100
320,PAQ20,20
321,PAQ20,20
322,PAQ25,25
323,CAJA12,12
324,PAQ25,25
325,PAQ50,50
326,CAJA12,12
327,PAQ20,20
328,PAQ25,25
329,CAJA24,24
330,PAQ20,20
331,CAJA48,48
332,CAJA100,100
333,CAJA12,12
334,CAJA100,100
335,CAJA12,12
336,PAQ25,25
337,CAJA100,100
338,CAJA12,12
339,PAQ20,20
340,CAJA100,100
341,CAJA24,24
342,CAJA100,100
343,CAJA12,12
344,CAJA24,24
345,PAQ10,10
346,CAJA48,48
347,PAQ20,20
348,CAJA24,24
349,CAJA48,48
350,CAJA48,48
351,CAJA24,24
352,PAQ10,10
353,CAJA24,24
354,PAQ50,50
355,PAQ20,20
356,PAQ50,50
357,PAQ20,20
358,PAQ50,50
359,CAJA12,12
360,CAJA48,48
361,CAJA24,24
362,CAJA48,48
363,PAQ25,25
364,CAJA12,12
365,CAJA24,24
366,PAQ20,20
367,CAJA48,48
368,CAJA24,24
369,PAQ20,20
370,PAQ50,50
371,CAJA24,24
372,CAJA48,48
373,PAQ50,50
374,CAJA100,100
375,CAJA24,24
376,PAQ20,20
377,CAJA100,100
378,PAQ50,50
379,CAJA12,12
380,PAQ20,20
381,PAQ20,20
382,PAQ25,25
383,CAJA100,100
384,CAJA100,100
385,CAJA48,48
386,PAQ25,25
387,CAJA12,12
388,PAQ20,20
389,PAQ10,10
390,CAJA12,12
391,CAJA24,24
392,PAQ20,20
393,PAQ20,20
394,CAJA12,12
395,PAQ20,20
396,PAQ25,25
397,PAQ50,50
398,PAQ25,25
399,CAJA100,100
400,CAJA48,48
401,CAJA48,48
402,PAQ50,50
403,PAQ50,50
404,PAQ50,50
405,PAQ50,50
406,PAQ10,10
407,PAQ25,25
408,CAJA12,12
409,PAQ50,50
410,PAQ50,50
411,PAQ50,50
412,CAJA48,48
413,CAJA100,100
414,CAJA12,12
415,CAJA100,100
416,CAJA12,12
417,PAQ20,20
418,CAJA48,48
419,CAJA12,12
420,PAQ20,20
421,CAJA12,12
422,CAJA100,100
423,PAQ20,20
424,PAQ20,20
425,PAQ10,10
426,PAQ50,50
427,PAQ25,25
428,PAQ10,10
429,PAQ25,25
430,PAQ20,20
431,PAQ25,25
432,CAJA12,12
433,CAJA100,100
434,PAQ10,10
435,CAJA24,24
436,PAQ10,10
437,PAQ25,25
438,CAJA48,48
439,CAJA24,24
440,CAJA24,24
441,CAJA48,48
442,CAJA100,100
443,PAQ50,50
444,PAQ50,50
445,CAJA48,48
446,CAJA12,12
447,PAQ50,50
448,PAQ10,10
449,PAQ10,10
450,CAJA24,24
451,PAQ50,50
452,CAJA100,100
453,CAJA12,12
454,CAJA48,48
455,PAQ20,20
456,PAQ20,20
457,CAJA48,48
458,CAJA48,48
459,CAJA100,100
460,PAQ20,20
461,CAJA24,24
462,PAQ10,10
463,PAQ25,25
464,CAJA48,48
465,CAJA12,12
466,PAQ50,50
467,PAQ10,10
468,PAQ10,10
469,CAJA48,48
470,CAJA48,48
471,PAQ25,25
472,PAQ25,25
473,CAJA12,12
474,PAQ25,25
475,PAQ25,25
476,PAQ20,20
477,PAQ25,25
478,PAQ20,20
479,PAQ25,25
480,CAJA100,100
481,PAQ10,10
482,CAJA100,100
483,PAQ25,25
484,PAQ20,20
485,CAJA24,24
486,CAJA48,48
487,PAQ20,20
488,CAJA48,48
489,CAJA100,100
490,PAQ20,20
491,CAJA100,100
492,PAQ50,50
493,PAQ50,50
494,CAJA24,24
495,CAJA24,24
496,CAJA24,24
497,PAQ20,20
498,CAJA24,24
499,PAQ50,50
500,CAJA24,24
501,PAQ10,10
502,CAJA100,100
503,CAJA48,48
504,CAJA100,100
505,PAQ10,10
506,PAQ10,10
507,CAJA12,12
508,PAQ25,25
509,PAQ20,20
510,PAQ50,50
511,PAQ10,10
512,CAJA12,12
513,CAJA12,12
514,CAJA100,100
515,CAJA100,100
516,CAJA100,100
517,PAQ50,50
518,CAJA24,24
519,CAJA100,100
520,CAJA12,12
521,PAQ50,50
522,CAJA24,24
523,PAQ20,20
524,CAJA100,100
525,PAQ10,10
526,CAJA12,12
527,PAQ10,10
528,PAQ20,20
529,CAJA100,100
530,PAQ25,25
531,PAQ20,20
532,CAJA100,100
533,CAJA48,48
534,CAJA12,12
535,PAQ20,20
536,CAJA12,12
537,CAJA48,48
538,CAJA100,100
539,CAJA24,24
540,CAJA100,100
541,CAJA48,48
542,CAJA48,48
543,CAJA48,48
544,PAQ20,20
545,CAJA48,48
546,CAJA48,48
547,PAQ50,50
548,CAJA12,12
549,PAQ25,25
550,CAJA48,48
551,CAJA12,12
552,CAJA24,24
553,PAQ50,50
554,CAJA48,48
555,CAJA12,12
556,PAQ20,20
557,PAQ25,25
558,CAJA12,12
559,CAJA100,100
560,PAQ50,50
561,CAJA24,24
562,PAQ10,10
563,CAJA12,12
564,CAJA48,48
565,CAJA12,12
566,PAQ10,10
567,CAJA48,48
568,CAJA100,100
569,PAQ20,20
570,PAQ25,25
571,CAJA48,48
572,CAJA24,24
573,PAQ20,20
574,PAQ50,50
575,CAJA100,100
576,PAQ25,25
577,PAQ20,20
578,PAQ25,25
579,CAJA24,24
580,PAQ10,10
581,PAQ50,50
582,CAJA100,100
583,CAJA100,100
584,PAQ20,20
585,PAQ50,50
586,PAQ20,20
587,PAQ25,25
588,CAJA48,48
589,PAQ50,50
590,CAJA12,12
591,PAQ10,10
592,PAQ20,20
593,PAQ20,20
594,PAQ50,50
595,PAQ10,10
596,PAQ50,50
597,PAQ25,25
598,PAQ25,25
599,CAJA48,48
600,PAQ20,20
